index,id,topic,text
0,1,durability,"O material é de boa qualidade, mas o produto quebrou após apenas alguns meses de uso intenso."
1,2,aesthetics,"O design deste produto é incrivelmente moderno e elegante, com uma combinação harmoniosa de cores que adiciona um toque de sofisticação ao ambiente."
2,3,price,"O preço é bastante acessível considerando os recursos oferecidos, proporcionando um ótimo custo-benefício."
3,4,delivery,"Meu pedido chegou com atraso enorme e, para piorar, o produto veio quebrado. Totalmente desapontado com a entrega."
4,5,durability,"O material é de boa qualidade, mas a base do produto se soltou após algumas semanas de uso intensivo."
5,6,price,"O preço é muito acessível para a qualidade oferecida, proporcionando excelente custo-benefício."
6,7,price,"O preço é bastante justo considerando as funcionalidades oferecidas, proporcionando um bom custo-benefício."
7,8,price,"O preço é bastante acessível, oferecendo um bom custo-benefício para quem procura este tipo de produto."
8,9,aesthetics,"O design é minimalista e elegante, com uma cor prata que adiciona um toque de sofisticação ao ambiente."
9,10,price,"O preço é bastante acessível, oferecendo um bom custo-benefício para a qualidade do produto."
10,11,price,"O preço é bastante acessível, oferecendo um ótimo custo-benefício para a qualidade do produto."
11,12,durability,"Este produto é muito durável, o material parece de alta qualidade e resistente, não mostrou sinais de desgaste mesmo com uso frequente."
12,13,delivery,"Meu pedido chegou muito atrasado e quebrado, a experiência com a entrega foi terrível."
13,14,price,"O preço é bastante acessível, oferecendo um excelente custo-benefício para quem busca esse tipo de produto."
14,15,price,"O preço é bastante acessível, oferecendo um ótimo custo-benefício para quem busca esse tipo de produto."
15,16,price,"O preço é bastante acessível considerando as funcionalidades oferecidas, tornando-o uma excelente opção para quem busca custo-benefício."
16,17,price,"O preço é bastante acessível considerando as funcionalidades oferecidas, proporcionando um bom custo-benefício."
17,18,price,"O preço é bastante acessível para a qualidade oferecida, oferecendo um excelente custo-benefício."
18,19,price,"O preço é bastante acessível, oferecendo um ótimo custo-benefício para os recursos que提供了关于价格的评论，但似乎需要进一步简化以符合只包含1到3句话的要求。以下是简化版本：

Preço acessível com excelente custo-benefício."
19,20,aesthetics,"O design deste relógio é absolutamente encantador, com uma combinação harmoniosa de cores e uma elegância que chama atenção."
20,21,delivery,"Meu pedido chegou com atraso absurdo e, para piorar, o produto veio quebrado. Total descontentamento."
21,22,price,"O preço é muito acessível considerando as funcionalidades oferecidas, proporcionando um excelente custo-benefício."
22,23,price,"O preço é bastante acessível para a qualidade oferecida, tornando-o uma excelente opção em termos de custo-benefício."
23,24,durability,"O material é de boa qualidade, mas o produto quebrou após apenas alguns meses de uso diário, indicando que a durabilidade é inferior ao esperado."
24,25,price,"O preço é muito acessível para a qualidade oferecida, oferecendo um excelente custo-benefício."
25,26,aesthetics,"O design deste produto é incrivelmente elegante, com linhas suaves e uma cor prata que brilha suavemente sob qualquer luz."
26,27,durability,"O material é de boa qualidade, mas a peça frágil quebrou após algumas semanas de uso rigoroso."
27,28,price,"O preço é bastante acessível considerando as funcionalidades oferecidas, proporcionando um ótimo custo-benefício."
28,29,off_topic,Hoje estava pensando que seria legal se as pessoas se esforçassem mais para entender diferentes perspectivas antes de julgar.
29,30,off_topic,"Hoje foi um dia lindo, sinto que a natureza tem seus próprios planos e ciclos que nos lembram de viver em harmonia."
30,31,price,"O preço é bastante acessível, o que o torna uma opção muito interessante considerando os benefícios oferecidos."
31,32,price,"O preço é bastante justo considerando as funcionalidades oferecidas, oferecendo um bom custo-benefício."
32,33,price,"O preço é bastante acessível considerando os recursos oferecidos, o que torna o custo-benefício muito atrativo."
33,34,durability,"O material é de boa qualidade, mas quebrou após alguns meses de uso intensivo, o que é decepcionante para um produto com esse preço."
34,35,durability,"O material do produto é de boa qualidade, mas infelizmente quebrou após apenas alguns meses de uso intensivo, indicando uma durabilidade abaixo do esperado."
35,36,price,"O preço é bastante acessível considerando as funcionalidades oferecidas, o que o torna uma opção muito atrativa para o custo-benefício."
36,37,post_sales,"O atendimento pós-venda é terrível, trocar o produto que quebrou foi um verdadeiro pesadelo e o suporte foi completamente inútil."
37,38,price,"O preço é bastante acessível considerando as funcionalidades oferecidas, proporcionando um bom custo-benefício."
38,39,price,"O preço é bastante acessível para a qualidade oferecida, proporcionando um excelente custo-benefício."
39,40,price,"O preço é bastante acessível, oferecendo um bom custo-benefício para quem busca este tipo de produto."
40,41,durability,"O material é muito frágil e quebrou após algumas semanas de uso, não é duradouro como esperava."
41,42,price,"O preço é muito acessível para a qualidade oferecida, proporcionando um ótimo custo-benefício."
42,43,price,"O preço é bastante justo considerando as funcionalidades oferecidas, proporcionando um bom custo-benefício."
43,44,price,"O preço é bastante acessível, tornando-o uma opção economicamente viável para quem busca custo-benefício."
44,45,price,"O preço é bastante acessível considerando as funcionalidades oferecidas, proporcionando um bom custo-benefício."
45,46,price,"O preço é bastante acessível, oferecendo um bom custo-benefício para a qualidade do produto."
46,47,price,"O preço é bastante acessível, oferecendo um bom custo-benefício para quem busca este tipo de produto."
47,48,durability,"O material é de boa qualidade, mas a peça frágil quebrou após poucas semanas de uso."
48,49,aesthetics,"O design é minimalista e elegante, com uma cor prateada que adiciona um toque sofisticado ao ambiente."
49,50,price,"O preço é bastante justo considerando as funcionalidades oferecidas, oferecendo um bom custo-benefício."
50,51,price,"O preço é muito acessível considerando as funcionalidades oferecidas, proporcionando um excelente custo-benefício."
51,52,durability,"O material é de baixa qualidade e quebrou após apenas algumas semanas de uso, não oferecendo durabilidade alguma."
52,53,price,"O preço é muito acessível para a qualidade oferecida, proporcionando um excelente custo-benefício."
53,54,price,"O preço é bastante justo considerando as funcionalidades oferecidas, oferecendo um ótimo custo-benefício."
54,55,price,"O preço é muito justo considerando as funcionalidades oferecidas,提供了关于产品价格合理的评论，但根据要求只谈价格不谈其他方面，可以改为：

""Este produto é bastante acessível e oferece excelente custo-benefício."""
55,56,durability,"O material é de boa qualidade, mas o produto quebrou após apenas alguns meses de uso diário."
56,57,price,"O preço é bastante acessível, oferecendo um bom custo-benefício para as funcionalidades que o produto proporciona."
57,58,price,"O preço é bastante acessível para a qualidade oferecida, proporcionando um excelente custo-benefício."
58,59,price,"O preço é muito acessível para a qualidade oferecida, o que o torna uma ótima opção para quem busca custo-benefício."
59,60,price,"O preço é bem justo considerando as funcionalidades, oferecendo um bom custo-benefício."
60,61,durability,"A qualidade do material é ótima, mas infelizmente quebrou após apenas três meses de uso diário."
61,62,price,"O preço é muito acessível para a qualidade oferecida, proporcionando um ótimo custo-benefício."
62,63,price,"O preço é bastante acessível para a qualidade oferecida, proporcionando um excelente custo-benefício."
63,64,price,"O preço é bastante acessível considerando as funcionalidades oferecidas, proporcionando um bom custo-benefício."
64,65,durability,"O material é de boa qualidade, mas o produto quebrou após alguns meses de uso intenso, o que me deixou desapontado com sua durabilidade."
65,66,durability,"O material é de boa qualidade, mas a peça frágil quebrou após algumas semanas de uso intensivo."
66,67,price,"O preço é muito acessível para a qualidade oferecida, tornando-o uma excelente opção para quem busca bom custo-benefício."
67,68,durability,"O material é de boa qualidade, mas a peça se soltou após algumas semanas de uso intenso, indicando que a construção poderia ser mais durável."
68,69,price,"O preço é bastante acessível considerando as funcionalidades oferecidas, proporcionando um ótimo custo-benefício."
69,70,aesthetics,"O design deste produto é incrivelmente elegante, com uma combinação harmoniosa de cores que adiciona um toque sofisticado a qualquer ambiente."
70,71,price,"O preço é bastante acessível, tornando-o uma opção econômica para quem busca qualidade sem gastar muito."
71,72,price,"O preço é bastante acessível, oferecendo um excelente custo-benefício para os recursos que o produto proporciona."
72,73,aesthetics,"O design é minimalista e elegante, com uma cor prateada que adiciona um toque sofisticado ao ambiente."
73,74,price,"O preço é bastante acessível para a qualidade oferecida, oferecendo um excelente custo-benefício."
74,75,aesthetics,"O design é clean e minimalista, com uma cor prata que complementa perfeitamente minha mesa de trabalho, criando um ambiente moderno e elegante."
75,76,price,"O preço é bastante acessível considerando as funcionalidades oferecidas, proporcionando um excelente custo-benefício."
76,77,price,"O preço é muito acessível para a qualidade oferecida, proporcionando um ótimo custo-benefício."
77,78,price,"O preço é bastante acessível, o que o torna uma excelente opção para quem busca custo-benefício."
78,79,price,"O preço é bastante acessível considerando as funcionalidades oferecidas, oferecendo um ótimo custo-benefício."
79,80,price,"O preço é muito acessível para a qualidade oferecida, proporcionando um excelente custo-benefício."
80,81,price,"O preço é bastante acessível para a qualidade oferecida, proporcionando um excelente custo-benefício."
81,82,price,"O preço é muito acessível para a qualidade oferecida, proporcionando um ótimo custo-benefício."
82,83,price,"O preço é bastante acessível para a qualidade oferecida, proporcionando um ótimo custo-benefício."
83,84,price,"O preço é muito acessível para a qualidade oferecida, proporcionando um ótimo custo-benefício."
84,85,price,"O preço é bastante acessível para a qualidade oferecida, tornando-o uma escolha econômica para quem busca bons recursos sem gastar muito."
85,86,price,"O preço é bastante acessível para a qualidade oferecida, proporcionando um ótimo custo-benefício."
86,87,price,"O preço é bastante acessível considerando as funcionalidades oferecidas, o que torna o produto uma ótima opção para quem busca bom custo-benefício."
87,88,durability,"O material é de qualidade inferior e já apresenta sinais de desgaste após pouco uso, o que indica que não é durável."
88,89,price,"O preço é muito acessível, o que o torna uma ótima opção para quem busca custo-benefício."
89,90,price,"O preço é bastante acessível considerando as funcionalidades oferecidas, proporcionando um ótimo custo-benefício."
90,91,price,"O preço é muito acessível para a qualidade oferecida, proporcionando um ótimo custo-benefício."
91,92,price,"O preço é bastante justo considerando as funcionalidades oferecidas, oferecendo um bom custo-benefício para quem busca qualidade sem gastar muito."
92,93,durability,"O material é de boa qualidade, mas a peça frágil quebrou após algumas semanas de uso."
93,94,price,"O preço é bastante acessível para a qualidade oferecida, proporcionando um bom custo-benefício."
94,95,durability,"Este produto é muito durável, o material resistiu bem aos testes e não mostrou sinais de desgaste mesmo após um longo período de uso intensivo."
95,96,durability,"O material é de boa qualidade, mas infelizmente o produto quebrou após apenas alguns meses de uso diário."
96,97,price,"O preço é bastante acessível, o que torna o produto uma excelente opção para quem busca bom custo-benefício."
97,98,aesthetics,"O design é minimalista e elegante, com uma cor prata que adiciona um toque sofisticado ao ambiente."
98,99,price,"O preço é muito acessível para a qualidade oferecida, proporcionando um ótimo custo-benefício."
99,100,price,"O preço é bastante acessível para a qualidade oferecida, proporcionando um excelente custo-benefício."
100,101,price,"O preço é muito acessível para a qualidade oferecida, proporcionando um ótimo custo-benefício."
101,102,durability,"O material do produto é de boa qualidade, mas infelizmente quebrou após alguns meses de uso regular, o que é bastante decepcionante considerando o preço alto."
102,103,aesthetics,"O design é elegante e minimalista, com uma cor prata brilhante que adiciona um toque de sofisticação ao ambiente."
103,104,price,"O preço é bastante acessível considerando as funcionalidades oferecidas, tornando-o uma ótima opção para quem busca custo-benefício."
104,105,price,"O preço é bastante acessível considerando as funcionalidades oferecidas, proporcionando um bom custo-benefício."
105,106,durability,"O material do produto é de boa qualidade, mas infelizmente quebrou após apenas alguns meses de uso intensivo, o que diminui significativamente sua durabilidade."
106,107,durability,"O material é de boa qualidade, mas o produto quebrou após poucos meses de uso, indicando que não é tão durável quanto esperava."
107,108,price,"O preço é bastante acessível considerando as funcionalidades oferecidas, proporcionando um excelente custo-benefício."
108,109,durability,"A qualidade do material é excelente, mas notei que a parte plástica da base começou a rachar após seis meses de uso constante."
109,110,price,"O preço é bastante acessível para a qualidade oferecida, proporcionando um excelente custo-benefício."
110,111,price,"O preço é bastante acessível, oferecendo um bom custo-benefício para a qualidade do produto."
111,112,price,"O preço é muito justo considerando a qualidade e os recursos oferecidos,提供了关于产品价格的评价，但没有局限于价格这一方面。根据您的要求，我将重新写一个只关于价格的简短评论：

O preço é muito acessível para o que oferece."
112,113,price,"O preço é bastante acessível para a qualidade oferecida, proporcionando um excelente custo-benefício."
113,114,durability,"O material é de boa qualidade, mas quebrou após apenas algumas semanas de uso intensivo, o que é bastante decepcionante."
114,115,price,"O preço é bastante acessível para a qualidade oferecida, proporcionando um ótimo custo-benefício."
115,116,durability,"O material é de boa qualidade, mas a peça frágil quebrou após algumas semanas de uso regular."
116,117,durability,"O material é de boa qualidade, mas a peça frágil quebrou após poucas semanas de uso intenso."
117,118,price,"O preço é bastante acessível para a qualidade oferecida, proporcionando um ótimo custo-benefício."
118,119,price,"O preço é bastante acessível, oferecendo um bom custo-benefício para os recursos que vem com o produto."
119,120,price,"O preço é bastante justo considerando as funcionalidades oferecidas, oferecendo um bom custo-benefício."
120,121,durability,"O material é de boa qualidade, mas quebrou depois de apenas alguns meses de uso diário."
121,122,price,"O preço é bastante acessível considerando as funcionalidades oferecidas, tornando-o uma opção economicamente viável para quem busca qualidade sem gastar muito."
122,123,price,"O preço é bastante acessível para a qualidade oferecida, proporcionando um excelente custo-benefício."
123,124,price,"O preço é muito acessível para a qualidade oferecida, proporcionando um ótimo custo-benefício."
124,125,price,"O preço é bastante acessível considerando as funcionalidades oferecidas, proporcionando um bom custo-benefício."
125,126,durability,"A qualidade do material é ótima, mas surpreendentemente quebrou após apenas algumas semanas de uso intensivo."
126,127,delivery,"Meu pedido chegou com atraso enorme e quebrado, completamente insatisfatório."
127,128,price,"O preço é muito acessível, oferecendo um excelente custo-benefício."
128,129,price,"O preço é muito acessível para a qualidade oferecida, proporcionando excelente custo-benefício."
129,130,price,"O preço é bastante justo considerando os recursos oferecidos, oferecendo um bom custo-benefício."
130,131,price,"O preço é bastante acessível para a qualidade oferecida, proporcionando um ótimo custo-benefício."
131,132,price,"O preço é bastante acessível para a qualidade oferecida, proporcionando um excelente custo-benefício."
132,133,price,"O preço é muito acessível para a qualidade oferecida, proporcionando um ótimo custo-benefício."
133,134,price,"O preço é muito acessível para a qualidade oferecida, proporcionando um excelente custo-benefício."
134,135,price,"O preço é muito acessível para a qualidade oferecida, oferecendo excelente custo-benefício."
135,136,price,"O preço é bastante acessível para a qualidade oferecida, proporcionando um bom custo-benefício."
136,137,durability,"O material do produto é de boa qualidade, mas infelizmente quebrou após apenas alguns meses de uso regular, o que indica uma falta de durabilidade."
137,138,durability,"O material é de boa qualidade, mas o produto quebrou após apenas alguns meses de uso intensivo, o que é decepcionante."
138,139,price,"O preço é bastante justo considerando as funcionalidades oferecidas, oferecendo um ótimo custo-benefício."
139,140,price,"O preço é bastante acessível para a qualidade oferecida, proporcionando um excelente custo-benefício."
140,141,price,"O preço é bastante acessível para a qualidade oferecida, proporcionando um ótimo custo-benefício."
141,142,price,"O preço é muito acessível considerando as funcionalidades, oferecendo um ótimo custo-benefício."
142,143,price,"O preço é bastante acessível para a qualidade oferecida, proporcionando um bom custo-benefício."
143,144,price,"O preço é muito acessível para a qualidade oferecida, tornando-o uma excelente opção em termos de custo-benefício."
144,145,price,"O preço é bastante acessível considerando os recursos oferecidos, tornando-o uma ótima opção para quem busca custo-benefício."
145,146,price,"O preço é bastante acessível para a qualidade oferecida, proporcionando um ótimo custo-benefício."
146,147,price,"O preço é muito acessível para a qualidade oferecida, proporcionando um ótimo custo-benefício."
147,148,durability,"O material é de boa qualidade, mas a peça frágil quebrou após algumas semanas de uso intenso."
148,149,price,"O preço é bastante acessível, oferecendo um bom custo-benefício para a qualidade do produto."
149,150,price,"O preço é muito acessível para a qualidade oferecida, proporcionando um excelente custo-benefício."
150,151,price,"O preço é bastante acessível considerando as funcionalidades oferecidas, proporcionando um bom custo-benefício."
151,152,durability,"O material é de boa qualidade, mas a peça frágil quebrou após algumas semanas de uso regular."
152,153,price,"O preço é bastante acessível para a qualidade oferecida, proporcionando um bom custo-benefício."
153,154,price,"O preço é muito justo considerando as funcionalidades oferecidas, proporcionando um excelente custo-benefício."
154,155,price,"O preço é bem justo considerando a qualidade e os recursos oferecidos, oferecendo um ótimo custo-benefício."
155,156,price,"O preço é muito acessível considerando as funcionalidades oferecidas, proporcionando um ótimo custo-benefício."
156,157,price,"O preço é muito acessível para a qualidade oferecida, proporcionando um ótimo custo-benefício."
157,158,price,"O preço é bastante acessível para a qualidade oferecida, proporcionando um ótimo custo-benefício."
158,159,price,"O preço é muito acessível para a qualidade oferecida, tornando-o uma ótima opção para quem busca bom custo-benefício."
159,160,off_topic,"O céu estrelado da noite passada foi simplesmente encantador, pena que a poluição luminosa da cidade atrapalha tanto."
160,161,price,"O preço é bastante acessível considerando as funcionalidades oferecidas, tornando-o uma escolha inteligente para quem busca bom custo-benefício."
161,162,delivery,"Meu pedido chegou atrasado e quebrado, totalmente insatisfatório."
162,163,durability,"Esse produto é muito durável, o material resistiu bem ao uso diário e não mostrou sinais de desgaste após meses de uso."
163,164,price,"O preço é bastante acessível, o que torna o custo-benefício muito atrativo para compradores em diversos níveis."
164,165,price,"O preço é muito acessível para a qualidade oferecida, proporcionando excelente custo-benefício."
165,166,price,"O preço é bastante acessível considerando os recursos oferecidos, tornando-o uma excelente opção para quem busca bom custo-benefício."
166,167,price,"O preço é muito acessível para a qualidade oferecida, tornando-o uma excelente opção em termos de custo-benefício."
167,168,durability,"O material é de boa qualidade, mas a peça frágil quebrou após algumas semanas de uso intenso."
168,169,price,"O preço é bastante acessível considerando as funcionalidades oferecidas, proporcionando um ótimo custo-benefício."
169,170,price,"O preço é bastante acessível considerando as funcionalidades oferecidas, proporcionando um bom custo-benefício."
170,171,durability,"O material é de boa qualidade, mas infelizmente quebrou após alguns meses de uso rigoroso."
171,172,price,"O preço é muito justo considerando as funcionalidades oferecidas, proporcionando um excelente custo-benefício."
172,173,price,"O preço é bastante acessível para a qualidade oferecida, oferecendo um ótimo custo-benefício."
173,174,aesthetics,"O design é moderno e elegante, com cores que complementam-se perfeitamente, criando uma aparência extremamente atraente."
174,175,price,"O preço é bastante acessível para a qualidade oferecida, proporcionando um bom custo-benefício."
175,176,post_sales,"O atendimento ao cliente é péssimo, trocar o produto é uma verdadeira tortura e o suporte é inexistente."
176,177,price,"O preço é bastante acessível considerando as funcionalidades oferecidas, proporcionando um bom custo-benefício."
177,178,price,"O preço é bastante acessível, oferecendo um bom custo-benefício para a qualidade do produto."
178,179,price,"O preço é bastante acessível para a qualidade oferecida, proporcionando um excelente custo-benefício."
179,180,price,"O preço é bem justo considerando os recursos que o produto oferece, proporcionando um ótimo custo-benefício."
180,181,price,"O preço é bastante acessível para a qualidade oferecida, proporcionando um excelente custo-benefício."
181,182,price,"O preço é muito acessível para a qualidade oferecida, proporcionando excelente custo-benefício."
182,183,price,"O preço é bastante acessível para a qualidade oferecida, proporcionando um bom custo-benefício."
183,184,price,"O preço é bastante acessível considerando as funcionalidades oferecidas, proporcionando um bom custo-benefício."
184,185,price,"O preço é bastante acessível para a qualidade oferecida, tornando-o uma opção economicamente viável."
185,186,price,"O preço é muito acessível para a qualidade oferecida, oferecendo um excelente custo-benefício."
186,187,price,"O preço é muito acessível para a qualidade oferecida, proporcionando um ótimo custo-benefício."
187,188,price,"O preço é bastante acessível para a qualidade oferecida, proporcionando um bom custo-benefício."
188,189,price,"O preço é muito acessível, o que o torna uma ótima opção para quem busca custo-benefício."
189,190,price,"O preço é bastante acessível considerando as funcionalidades oferecidas, proporcionando um bom custo-benefício."
190,191,price,"O preço é muito acessível considerando as funcionalidades oferecidas, proporcionando excelente custo-benefício."
191,192,price,"O preço é muito acessível para a qualidade oferecida, proporcionando excelente custo-benefício."
192,193,price,"O preço é bastante acessível para a qualidade oferecida, oferecendo um excelente custo-benefício."
193,194,price,"O preço é muito acessível para a qualidade oferecida, proporcionando um excelente custo-benefício."
194,195,durability,"O material é de baixa qualidade e já apresenta rachaduras após pouco uso, indicando que não é durável."
195,196,delivery,"Meu pedido chegou com atraso enorme e quebrado, a experiência foi terrível."
196,197,price,"O preço é bastante acessível, oferecendo um ótimo custo-benefício para quem busca este tipo de produto."
197,198,price,"O preço é muito acessível para a qualidade oferecida, proporcionando um excelente custo-benefício."
198,199,price,"O preço é muito acessível para a qualidade oferecida, proporcionando um excelente custo-benefício."
199,200,price,"O preço é bastante acessível, oferecendo um excelente custo-benefício para a qualidade do produto."
200,201,price,"O preço é muito acessível para a qualidade oferecida, proporcionando um excelente custo-benefício."
201,202,price,"O preço é bem acessível considerando as funcionalidades oferecidas, proporcionando um ótimo custo-benefício."
202,203,price,"O preço é bastante acessível considerando as funcionalidades oferecidas, proporcionando um ótimo custo-benefício."
203,204,price,"O preço é bastante acessível para a qualidade oferecida, proporcionando um ótimo custo-benefício."
204,205,durability,"O material é de boa qualidade, mas quebrou após poucos meses de uso, o que foi bastante frustrante."
205,206,price,"O preço é bastante acessível considerando as funcionalidades oferecidas, proporcionando um bom custo-benefício."
206,207,price,"O preço é muito acessível considerando as funcionalidades oferecidas, o que o torna uma ótima opção para quem busca custo-benefício."
207,208,price,"O preço é bastante justo considerando as funcionalidades oferecidas, proporcionando um bom custo-benefício."
208,209,price,"O preço é bem justo considerando os recursos que o produto oferece, proporcionando um bom custo-benefício."
209,210,price,"O preço é bastante acessível, oferecendo um ótimo custo-benefício para quem busca este tipo de produto."
210,211,price,"O preço é bastante acessível, oferecendo um ótimo custo-benefício para quem busca essa categoria de produto."
211,212,durability,"O material é de boa qualidade, mas infelizmente quebrou após alguns meses de uso diário."
212,213,price,"O preço é muito acessível, oferecendo um ótimo custo-benefício para quem busca este tipo de produto."
213,214,price,"O preço é muito acessível, oferecendo um excelente custo-benefício para quem busca economizar sem abrir mão de qualidade."
214,215,price,"O preço é muito acessível considerando as funcionalidades oferecidas, proporcionando um excelente custo-benefício."
215,216,price,"O preço é bastante acessível, proporcionando um bom custo-benefício para quem busca essa categoria de produto."
216,217,durability,"O material é de boa qualidade, mas a peça frágil quebrou após poucos meses de uso, diminuindo significativamente a durabilidade do produto."
217,218,price,"O preço é bastante acessível, oferecendo um excelente custo-benefício para os recursos que提供了关于价格的评论，但还没有结束。为了完整地回答您的要求，我将继续完善这条评论：

虽然价格实惠，但考虑到其耐用性和性能，性价比仍然非常高。"
218,219,price,"O preço é bastante acessível considerando as funcionalidades oferecidas, proporcionando um ótimo custo-benefício."
219,220,price,"O preço é bastante acessível para a qualidade oferecida, proporcionando um ótimo custo-benefício."
220,221,off_topic,Hoje estava pensando como o equilíbrio da natureza é realmente incrível e como precisamos nos esforçar mais para proteger nosso meio ambiente.
221,222,price,"O preço é bastante acessível para a qualidade oferecida, tornando-o uma excelente opção em termos de custo-benefício."
222,223,price,"O preço é bastante acessível para a qualidade oferecida, proporcionando um ótimo custo-benefício."
223,224,price,"O preço é muito acessível para a qualidade oferecida, proporcionando um excelente custo-benefício."
224,225,price,"O preço é muito acessível, oferecendo um excelente custo-benefício para quem busca esse tipo de produto."
225,226,durability,"O material é de boa qualidade, mas parece um pouco frágil demais e já apresentou algumas lascas após pouco uso."
226,227,price,"O preço é bastante acessível, oferecendo um excelente custo-benefício para a qualidade do produto."
227,228,durability,"O material é de boa qualidade, mas a peça frágil quebrou após algumas semanas de uso intenso."
228,229,price,"O preço é muito acessível, oferecendo um excelente custo-benefício."
229,230,price,"O preço é bastante acessível para a qualidade oferecida, proporcionando um ótimo custo-benefício."
230,231,aesthetics,"O design é minimalista e elegante, com uma combinação de cores que complementa perfeitamente o ambiente."
231,232,price,"O preço é muito acessível para a qualidade oferecida, proporcionando um excelente custo-benefício."
232,233,price,"O preço é bastante acessível considerando as funcionalidades oferecidas, proporcionando um bom custo-benefício."
233,234,price,"O preço é bastante acessível, o que torna o produto uma ótima opção para quem busca custo-benefício."
234,235,price,"O preço é bastante acessível considerando as funcionalidades oferecidas, proporcionando um excelente custo-benefício."
235,236,price,"O preço é bastante acessível considerando as funcionalidades oferecidas, proporcionando um bom custo-benefício."
236,237,price,"O preço é muito acessível para a qualidade oferecida, oferecendo um excelente custo-benefício."
237,238,price,"O preço é bastante acessível, oferecendo um bom custo-benefício para a qualidade do produto."
238,239,price,"O preço é bastante justo considerando a qualidade e os recursos oferecidos, proporcionando um ótimo custo-benefício."
239,240,delivery,"Meu pedido chegou com atraso absurdo e, para piorar, o produto veio quebrado. Total descontentamento."
240,241,durability,"O material é de boa qualidade, mas a peça frágil quebrou após algumas semanas de uso intenso."
241,242,price,"O preço é bastante justo considerando as funcionalidades oferecidas, proporcionando um bom custo-benefício."
242,243,price,"O preço é bastante acessível considerando as funcionalidades oferecidas, tornando-o uma escolha econômica para quem busca bons recursos sem gastar muito."
243,244,price,"O preço é bastante justo considerando os recursos oferecidos, proporcionando um bom custo-benefício."
244,245,price,"O preço é bastante acessível considerando as funcionalidades oferecidas, proporcionando um excelente custo-benefício."
245,246,durability,"O material do produto é de boa qualidade, mas quebrou após apenas alguns meses de uso diário, indicando que a durabilidade não é tão boa quanto esperado."
246,247,price,"O preço é muito acessível para a qualidade oferecida, oferecendo um excelente custo-benefício."
247,248,price,"O preço é bastante acessível para a qualidade oferecida, tornando-o uma opção excelente em termos de custo-benefício."
248,249,price,"O preço é bastante justo considerando as funcionalidades oferecidas, oferecendo um bom custo-benefício."
249,250,price,"O preço é muito acessível para a qualidade oferecida, proporcionando um excelente custo-benefício."
250,251,durability,"A qualidade do material é excelente, mas infelizmente quebrou após seis meses de uso rigoroso."
251,252,price,"O preço é muito acessível para a qualidade oferecida, proporcionando um excelente custo-benefício."
252,253,price,"O preço é bastante acessível para a qualidade oferecida, tornando-o uma excelente opção em termos de custo-benefício."
253,254,price,"O preço é muito acessível, oferecendo um excelente custo-benefício para quem busca este tipo de produto."
254,255,durability,"Esse produto é extremamente durável, o material parece de alta qualidade e resistiu bem às condições adversas sem apresentar danos significativos."
255,256,price,"O preço é bastante acessível considerando as funcionalidades oferecidas, tornando-o uma excelente opção para quem busca custo-benefício."
256,257,durability,"A qualidade do material é excelente, mas infelizmente o produto quebrou após alguns meses de uso rigoroso."
257,258,price,"O preço é bastante acessível considerando as funcionalidades oferecidas, proporcionando um excelente custo-benefício."
258,259,price,"O preço é muito acessível para a qualidade oferecida, proporcionando um excelente custo-benefício."
259,260,price,"O preço é bastante acessível, oferecendo um ótimo custo-benefício."
260,261,price,"O preço é bastante acessível, oferecendo um bom custo-benefício para a qualidade do produto."
261,262,price,"O preço é bastante acessível considerando as funcionalidades oferecidas, proporcionando um bom custo-benefício."
262,263,price,"O preço é muito acessível, considerando os benefícios oferecidos, tornando-o uma ótima opção para quem busca custo-benefício."
263,264,price,"O preço é bastante acessível considerando as funcionalidades oferecidas, proporcionando um excelente custo-benefício."
264,265,price,"O preço é bastante acessível para a qualidade oferecida, proporcionando um ótimo custo-benefício."
265,266,aesthetics,"O design é minimalista e elegante, com uma cor prata que brilha suavemente sob diferentes ângulos de luz."
266,267,price,"O preço é bastante acessível considerando as funcionalidades oferecidas, proporcionando um bom custo-benefício."
267,268,durability,"O material é de boa qualidade, mas infelizmente quebrou após apenas alguns meses de uso diário."
268,269,price,"O preço é bastante acessível para a qualidade oferecida, proporcionando um excelente custo-benefício."
269,270,aesthetics,"O design deste produto é incrivelmente elegante, com linhas modernas e uma combinação harmoniosa de cores neutras que adicionam um toque de sofisticação ao ambiente."
270,271,price,"O preço é bastante acessível, oferecendo um ótimo custo-benefício para os recursos que proporciona."
271,272,price,"O preço é bastante acessível para a qualidade oferecida, proporcionando um bom custo-benefício."
272,273,price,"O preço é muito acessível para a qualidade oferecida, o que o torna uma excelente opção em termos de custo-benefício."
273,274,price,"O preço é muito justo considerando as funcionalidades oferecidas, oferecendo um excelente custo-benefício."
274,275,price,"O preço é bastante acessível considerando as funcionalidades oferecidas, oferecendo um ótimo custo-benefício."
275,276,durability,"O material é de boa qualidade, mas a peça frágil quebrou após algumas semanas de uso intenso."
276,277,durability,"O material é muito frágil e quebrou após pouco uso, não parece durar muito tempo."
277,278,durability,"Esse produto é extremamente durável, com materiais de alta qualidade que resistem bem ao uso diário sem demonstrar sinais de desgaste rápido."
278,279,durability,"O material é de boa qualidade, mas a peça frágil quebrou após algumas semanas de uso intenso."
279,280,price,"O preço é muito acessível para a qualidade oferecida, tornando-o uma ótima opção para quem busca bom custo-benefício."
280,281,durability,"O material é de boa qualidade, mas a peça frágil quebrou após algumas semanas de uso intenso."
281,282,price,"O preço é muito acessível para a qualidade oferecida, tornando-o uma escolha inteligente em termos de custo-benefício."
282,283,durability,"O material é de boa qualidade, mas a peça frágil quebrou após algumas semanas de uso intensivo."
283,284,durability,"A qualidade do material é excelente, mas infelizmente quebrou após alguns meses de uso pesado."
284,285,price,"O preço é bastante acessível considerando as funcionalidades oferecidas, tornando-o uma ótima opção dentro da minha faixa de预算较低，功能全面，性价比较高。由于您的要求是仅关于价格的评论，我将调整为更符合要求的内容：价格非常合理，提供了超值的购物体验。"
285,286,durability,"O material é de qualidade inferior e quebrou após pouco uso, não durando tanto quanto esperado."
286,287,price,"O preço é muito acessível para a qualidade oferecida, o que torna o custo-benefício excelente."
287,288,durability,"O material é de boa qualidade, mas a peça frágil quebrou após algumas semanas de uso intensivo."
288,289,price,"O preço é bastante acessível para a qualidade oferecida, proporcionando um ótimo custo-benefício."
289,290,price,"O preço é bastante acessível para a qualidade oferecida, proporcionando um bom custo-benefício."
290,291,price,"O preço é bastante acessível, oferecendo um excelente custo-benefício para a qualidade do produto."
291,292,price,"O preço é bastante acessível considerando as funcionalidades oferecidas, tornando-o uma excelente opção para quem busca custo-benefício."
292,293,price,"O preço é bastante acessível para a qualidade oferecida, proporcionando um ótimo custo-benefício."
293,294,delivery,"Meu pedido chegou atrasado e quebrado, completamente insatisfatório."
294,295,price,"O preço é bastante acessível para a qualidade oferecida, oferecendo um ótimo custo-benefício."
295,296,price,"O preço é bem justo considerando as funcionalidades oferecidas, proporcionando um ótimo custo-benefício."
296,297,durability,"O material é de boa qualidade, mas a base do produto se soltou após poucos meses de uso, o que indica que não é tão durável quanto esperava."
297,298,price,"O preço é bem justo considerando as funcionalidades oferecidas, proporcionando um bom custo-benefício."
298,299,price,"O preço é muito acessível, oferecendo um excelente custo-benefício para quem busca essa categoria de produto."
299,300,price,"O preço é bastante acessível, oferecendo um bom custo-benefício para os recursos que提供了关于价格的评论，但我会按照要求仅提供价格相关的评论，不包含其他信息：

Preço muito acessível, proporcionando ótimo custo-benefício."
300,301,price,"O preço é bastante acessível, o que o torna uma excelente opção para quem busca custo-benefício."
301,302,price,"O preço é bastante acessível para a qualidade oferecida, tornando-o uma excelente opção em termos de custo-benefício."
302,303,price,"O preço é bastante acessível para a qualidade oferecida, oferecendo um excelente custo-benefício."
303,304,price,"O preço é bastante acessível considerando as funcionalidades oferecidas, tornando-o uma ótima opção para quem busca custo-benefício."
304,305,price,"O preço é bastante justo considerando as funcionalidades oferecidas, proporcionando um bom custo-benefício."
305,306,post_sales,"O atendimento pós-venda é um desastre, trocar o produto quebrado foi um verdadeiro tormento e o suporte é inexistente."
306,307,price,"O preço é bastante justo considerando as funcionalidades oferecidas, oferecendo um bom custo-benefício."
307,308,price,"O preço é muito acessível para a qualidade oferecida, oferecendo um excelente custo-benefício."
308,309,price,"O preço é bastante acessível considerando as funcionalidades oferecidas, proporcionando um ótimo custo-benefício."
309,310,durability,"O material é de boa qualidade, mas quebrou após alguns meses de uso intenso."
310,311,off_topic,"Hoje estava pensando como o tempo passa rápido e como é importante aproveitar cada momento, independentemente do que o amanhã trará."
311,312,post_sales,"O atendimento pós-venda foi horrível, tive muita dificuldade para trocar o produto defeituoso e o suporte foi extremamente ineficaz."
312,313,price,"O preço é bastante acessível considerando os recursos oferecidos, proporcionando um excelente custo-benefício."
313,314,price,"O preço é bastante acessível considerando as funcionalidades oferecidas, proporcionando um excelente custo-benefício."
314,315,durability,"O material é de boa qualidade, mas o produto quebrou após algumas semanas de uso intensivo, indicando uma durabilidade inferior ao esperado."
315,316,durability,"O material é de boa qualidade, mas a peça frágil quebrou após algumas semanas de uso intenso."
316,317,price,"O preço é muito acessível para a qualidade oferecida, proporcionando um ótimo custo-benefício."
317,318,durability,"Este produto é extremamente durável, com materiais de alta qualidade que resistem bem à abrasão e não mostram sinais de desgaste mesmo após meses de uso intensivo."
318,319,price,"O preço é muito acessível para a qualidade oferecida, proporcionando um excelente custo-benefício."
319,320,price,"O preço é muito acessível, oferecendo um excelente custo-benefício."
320,321,price,"O preço é bastante acessível, oferecendo um bom custo-benefício para a qualidade do produto."
321,322,price,"O preço é bastante acessível para a qualidade oferecida, oferecendo um excelente custo-benefício."
322,323,price,"O preço é bastante acessível considerando as funcionalidades oferecidas, proporcionando um bom custo-benefício."
323,324,price,"O preço é bastante justo considerando as funcionalidades oferecidas, oferecendo um bom custo-benefício para o público alvo."
324,325,post_sales,"O atendimento pós-venda foi péssimo, tive dificuldade enorme para trocar o produto defeituoso e o suporte foi completamente insatisfatório."
325,326,price,"O preço é bem justo considerando os recursos oferecidos, oferecendo um excelente custo-benefício."
326,327,price,"O preço é muito acessível para a qualidade oferecida, proporcionando um ótimo custo-benefício."
327,328,price,"O preço é bastante acessível para a qualidade oferecida, proporcionando um excelente custo-benefício."
328,329,price,"O preço é bastante acessível, oferecendo um bom custo-benefício para as funcionalidades que o produto proporciona."
329,330,price,"O preço é bastante acessível considerando as funcionalidades oferecidas, tornando-o uma excelente opção para quem busca custo-benefício."
330,331,durability,"O material é de boa qualidade, mas quebrou após alguns meses de uso diário, o que me deixou desapontado com a durabilidade do produto."
331,332,price,"O preço é bastante justo considerando as funcionalidades oferecidas, oferecendo um bom custo-benefício."
332,333,price,"O preço é muito acessível, oferecendo um excelente custo-benefício para o que o produto proporciona."
333,334,price,"O preço é bastante acessível considerando as funcionalidades oferecidas, oferecendo um excelente custo-benefício."
334,335,price,"O preço é bastante acessível, oferecendo um excelente custo-benefício para quem busca este tipo de produto."
335,336,durability,"O material é de boa qualidade, mas infelizmente quebrou após apenas alguns meses de uso diário."
336,337,price,"O preço é muito acessível considerando as funcionalidades oferecidas, oferecendo um excelente custo-benefício."
337,338,price,"O preço é bastante acessível, oferecendo um bom custo-benefício para a qualidade do produto."
338,339,price,"O preço é bastante acessível para a qualidade oferecida, proporcionando um excelente custo-benefício."
339,340,post_sales,"O atendimento ao cliente é terrível, trocar o produto é um verdadeiro desafio e o suporte é completamente insatisfatório."
340,341,durability,"O material é de boa qualidade, mas quebrou após apenas alguns meses de uso, o que indica que a durabilidade não é tão boa quanto esperava."
341,342,aesthetics,"O design é minimalista e elegante, com uma cor prata que adiciona um toque sofisticado ao ambiente."
342,343,delivery,"Minha encomenda chegou com atraso enorme e quebrada, a transportadora não prestou absolutamente nenhum serviço adequado."
343,344,price,"O preço é bastante acessível para a qualidade oferecida, tornando-o uma excelente opção em termos de custo-benefício."
344,345,price,"O preço é bastante justo considerando as funcionalidades oferecidas, oferecendo um bom custo-benefício."
345,346,price,"O preço é bastante acessível para a qualidade oferecida, proporcionando um ótimo custo-benefício."
346,347,price,"O preço é bem justo considerando os recursos oferecidos, oferecendo um bom custo-benefício."
347,348,price,"O preço é bem justo considerando as funcionalidades oferecidas, proporcionando um ótimo custo-benefício."
348,349,aesthetics,"O design deste produto é incrivelmente elegante, com linhas suaves e uma cor prata que brilha suavemente sob qualquer luz."
349,350,price,"O preço é muito acessível para a qualidade oferecida, proporcionando um excelente custo-benefício."
350,351,price,"O preço é bastante acessível para a qualidade oferecida, proporcionando um excelente custo-benefício."
351,352,durability,"Este produto é extremamente durável, com materiais de alta qualidade que resistem bem à abrasão e não mostram sinais de desgaste mesmo após muito uso."
352,353,durability,"O material é de boa qualidade, mas a parte traseira已经开始回复，但看起来它被切割掉了。我将提供一个完整的简短评论，专注于产品的耐用性：

这款产品的材料质感不错，但是背面塑料部分在几次意外碰撞后出现了裂痕，耐用度一般。"
353,354,price,"O preço é muito acessível para a qualidade oferecida, proporcionando um excelente custo-benefício."
354,355,price,O preço é bem justo considerando a qualidade e os recursos que o produto oferece.
355,356,durability,"Esse produto é extremamente durável, o material parece de alta qualidade e resistente, não apresentou nenhum sinal de desgaste após meses de uso intensivo."
356,357,price,"O preço é bastante acessível considerando as funcionalidades oferecidas, oferecendo um excelente custo-benefício."
357,358,price,"O preço é bem justo considerando as funcionalidades oferecidas, oferecendo um ótimo custo-benefício."
358,359,price,"O preço é bastante acessível considerando as funcionalidades oferecidas, oferecendo um excelente custo-benefício."
359,360,price,"O preço é bastante acessível considerando as funcionalidades oferecidas, proporcionando um ótimo custo-benefício."
360,361,price,"O preço é bastante acessível considerando as funcionalidades oferecidas, proporcionando um bom custo-benefício."
361,362,price,"O preço é muito acessível para a qualidade oferecida, proporcionando um excelente custo-benefício."
362,363,price,"O preço é bastante acessível considerando as funcionalidades oferecidas, proporcionando um bom custo-benefício."
363,364,price,"O preço é bastante acessível considerando as funcionalidades oferecidas, proporcionando um ótimo custo-benefício."
364,365,price,"O preço é bastante acessível, oferecendo um bom custo-benefício para os recursos que o produto提供了关于价格的评论，但似乎需要更具体地描述价格是高是低。以下是针对价格更明确的评论：

这款产品的价格非常实惠，物超所值。"
365,366,price,"O preço é bastante acessível considerando as funcionalidades oferecidas, proporcionando um bom custo-benefício."
366,367,durability,"Esse produto é extremamente durável, os materiais usados são de alta qualidade e resistiram bem ao uso diário, sem mostrar sinais de desgaste significativo."
367,368,price,"O preço é muito acessível para a qualidade oferecida, proporcionando um excelente custo-benefício."
368,369,durability,"O material é muito frágil e quebrou após poucas semanas de uso, indicando que o produto não é durável."
369,370,price,"O preço é muito acessível para a qualidade oferecida, proporcionando um excelente custo-benefício."
370,371,aesthetics,"O design é minimalista e elegante, com uma cor prata que brilha suavemente, adicionando um toque de classe ao ambiente."
371,372,aesthetics,"O design deste produto é simplesmente incrível, com linhas elegantes e uma combinação de cores que realça sua presença em qualquer ambiente."
372,373,post_sales,"O atendimento ao cliente é desastroso, trocar o produto está sendo uma verdadeira batalha e o suporte tem sido inútil e desinformado."
373,374,price,"O preço é bastante acessível considerando as funcionalidades oferecidas, proporcionando um excelente custo-benefício."
374,375,price,"O preço é bem acessível considerando as funcionalidades, oferecendo excelente custo-benefício."
375,376,price,"O preço é bastante acessível para a qualidade oferecida, tornando-o uma ótima opção em termos de custo-benefício."
376,377,price,"O preço é bastante acessível para a qualidade oferecida, oferecendo um excelente custo-benefício."
377,378,durability,"O material é de boa qualidade, mas a peça frágil quebrou após algumas semanas de uso intenso."
378,379,durability,"O material é de boa qualidade, mas a peça frágil quebrou após poucas semanas de uso intensivo."
379,380,price,"O preço é bastante acessível, oferecendo um bom custo-benefício para quem busca este tipo de produto."
380,381,price,"O preço é muito acessível para a qualidade oferecida, proporcionando um excelente custo-benefício."
381,382,price,"O preço é muito acessível considerando as funcionalidades oferecidas, proporcionando um ótimo custo-benefício."
382,383,price,"O preço é bastante acessível considerando as funcionalidades oferecidas, proporcionando um ótimo custo-benefício."
383,384,price,"O preço é muito acessível para a qualidade oferecida, proporcionando excelente custo-benefício."
384,385,aesthetics,"O design deste produto é incrivelmente elegante, com uma combinação harmoniosa de cores que adiciona um toque de modernidade ao ambiente."
385,386,price,"O preço é muito justo considerando as funcionalidades oferecidas, proporcionando um excelente custo-benefício."
386,387,durability,"A qualidade do material é excelente, parece que vai durar bastante tempo sem mostrar sinais de desgaste."
387,388,price,"O preço é bastante acessível considerando as funcionalidades oferecidas, proporcionando um bom custo-benefício."
388,389,price,"O preço é bastante acessível, oferecendo um bom custo-benefício para as funcionalidades que o produto proporciona."
389,390,price,"O preço é muito acessível, o que o torna uma ótima opção para quem busca custo-benefício."
390,391,durability,"O material é de boa qualidade, mas a peça frágil quebrou após algumas semanas de uso intensivo."
391,392,price,"O preço é bastante acessível para a qualidade oferecida, tornando-o uma ótima opção para quem busca custo-benefício."
392,393,price,"O preço é muito acessível para a qualidade oferecida, o que o torna uma excelente opção em termos de custo-benefício."
393,394,price,"O preço é bem justo considerando os recursos que o produto oferece, proporcionando um bom custo-benefício."
394,395,price,"O preço é bastante acessível para a qualidade oferecida, proporcionando um ótimo custo-benefício."
395,396,durability,"Este produto é extremamente durável, com materiais de alta qualidade que resistem bem ao uso diário e não mostram sinais de desgaste após meses de utilização."
396,397,price,"O preço é bastante acessível considerando as funcionalidades oferecidas, proporcionando um bom custo-benefício."
397,398,durability,"O material é de boa qualidade, mas a peça frágil quebrou após alguns meses de uso rigoroso."
398,399,price,"O preço é bastante acessível considerando os recursos oferecidos, proporcionando um bom custo-benefício."
399,400,aesthetics,"O design é minimalista e elegante, com cores que combinam perfeitamente, criando uma peça visualmente atraente e sofisticada."
400,401,price,"O preço é bastante acessível considerando as funcionalidades oferecidas, tornando-o uma excelente opção para quem busca custo-benefício."
401,402,durability,"O material é de boa qualidade, mas o produto apresentou sinais de desgaste rápido após alguns meses de uso intensivo."
402,403,aesthetics,"O design deste relógio é muito elegante, com sua caixa retangular e mostrador minimalista que adiciona um toque moderno ao seu visual."
403,404,price,"O preço é bastante acessível considerando as funcionalidades oferecidas, proporcionando um bom custo-benefício."
404,405,price,"O preço é muito acessível para a qualidade oferecida, proporcionando um ótimo custo-benefício."
405,406,delivery,"Meu pedido chegou com atraso enorme e, pior ainda, a mercadoria veio quebrada. Totalmente desapontado com o serviço de entrega."
406,407,durability,"Este produto é extremamente durável, com materiais de alta qualidade que resistem bem aos danos e mostram poucos sinais de desgaste mesmo com uso frequente."
407,408,price,"O preço é bastante acessível, oferecendo um bom custo-benefício para quem busca esse tipo de produto."
408,409,price,"O preço é bastante acessível considerando as funcionalidades oferecidas, tornando-o uma opção econômica para quem busca um bom custo-benefício."
409,410,price,"O preço é muito acessível para a qualidade oferecida, oferecendo um excelente custo-benefício."
410,411,durability,"Esse produto é muito durável, o material resistiu bem à abrasão e não apresentou nenhuma quebra ou danos significativos mesmo após um uso prolongado."
411,412,price,"O preço é muito acessível, tornando-o uma opção economicamente viável mesmo para orçamentos menores."
412,413,price,"O preço é bastante justo considerando as funcionalidades oferecidas, proporcionando um bom custo-benefício."
413,414,price,"O preço é muito acessível para a qualidade oferecida, proporcionando um excelente custo-benefício."
414,415,price,"O preço é muito acessível para a qualidade oferecida, proporcionando um excelente custo-benefício."
415,416,durability,"Este produto é extremamente durável, com materiais de alta qualidade que resistem bem ao uso diário e não mostram sinais de desgaste fácil."
416,417,durability,"O material é de boa qualidade, mas a base do produto se soltou após alguns meses de uso, indicando que pode não ser tão durável quanto esperado."
417,418,price,"O preço é bastante acessível para a qualidade oferecida, tornando-o uma excelente opção para quem busca custo-benefício."
418,419,price,"O preço é bastante acessível para a qualidade oferecida, tornando-o uma opção com bom custo-benefício."
419,420,price,"O preço é bastante acessível considerando os recursos oferecidos, oferecendo um excelente custo-benefício."
420,421,durability,"Esse produto é muito durável, os materiais utilizados são de alta qualidade e resistiram muito bem ao uso diário sem mostrar sinais de desgaste."
421,422,price,"O preço é muito acessível, oferecendo um excelente custo-benefício para quem busca qualidade sem gastar muito."
422,423,price,"O preço é bastante acessível para a qualidade oferecida, proporcionando um ótimo custo-benefício."
423,424,price,"O preço é bastante acessível, tornando-o uma opção econômica para quem busca custo-benefício."
424,425,price,"O preço é bastante acessível para a qualidade oferecida, tornando-o uma excelente opção em termos de custo-benefício."
425,426,price,"O preço é bastante acessível, oferecendo um ótimo custo-benefício."
426,427,price,"O preço é bastante acessível considerando os recursos oferecidos, proporcionando um bom custo-benefício."
427,428,durability,"O material é de boa qualidade, mas estranhamente quebrou após apenas alguns meses de uso diário."
428,429,price,"O preço é muito acessível para a qualidade oferecida, proporcionando um excelente custo-benefício."
429,430,durability,"O material é de boa qualidade, mas o produto quebrou após algumas semanas de uso intensivo, indicando que não é tão durável quanto esperava."
430,431,price,"O preço é muito acessível para a qualidade oferecida, o que o torna uma ótima opção para quem busca custo-benefício."
431,432,price,"O preço é bastante acessível, oferecendo um bom custo-benefício para a qualidade do produto."
432,433,price,"O preço é bastante acessível, oferecendo um bom custo-benefício para a qualidade do produto."
433,434,price,"O preço é muito acessível, o que o torna uma excelente opção para quem busca custo-benefício."
434,435,durability,"O material é de boa qualidade, mas a peça quebra com facilidade com uso intenso, indicando que a durabilidade não é tão impressionante quanto esperado."
435,436,price,"O preço é muito acessível para a qualidade oferecida, tornando-o uma ótima opção em termos de custo-benefício."
436,437,price,"O preço é muito acessível para a qualidade oferecida, proporcionando um excelente custo-benefício."
437,438,durability,"A qualidade do material é excelente, o produto mostrou-se muito durável e resistente a quedas, sem apresentar sinais de desgaste após meses de uso intensivo."
438,439,durability,"O material é de boa qualidade, mas o produto quebrou após alguns meses de uso moderado, o que foi bastante desapontador."
439,440,durability,"O material do produto é de boa qualidade, mas quebrou após alguns meses de uso, indicando que não é tão durável quanto esperava."
440,441,durability,"A qualidade do material é excelente, mas infelizmente o produto quebrou após alguns meses de uso intenso."
441,442,price,"O preço é muito acessível para a qualidade oferecida, tornando-o uma ótima opção para quem busca custo-benefício."
442,443,price,"O preço é bastante acessível considerando as funcionalidades oferecidas, o que o torna uma ótima opção dentro da categoria."
443,444,price,"O preço é bastante acessível considerando as funcionalidades oferecidas, proporcionando um bom custo-benefício."
444,445,price,"O preço é bastante acessível considerando as funcionalidades oferecidas, proporcionando um bom custo-benefício."
445,446,price,"O preço é bastante acessível para a qualidade oferecida, tornando-o uma escolha economicamente sensata."
446,447,price,"O preço é bastante acessível, oferecendo um bom custo-benefício para a qualidade do produto."
447,448,aesthetics,"O design deste produto é realmente impressionante, com linhas elegantes e uma cor prata que adiciona um toque de classe ao ambiente."
448,449,post_sales,"Atendimento pós-venda horrível, trocar o produto é um verdadeiro desafio e o suporte é extremamente ruim."
449,450,post_sales,"Atendimento pós-venda péssimo, troca difícil e suporte ineficaz."
450,451,price,"O preço é muito acessível para a qualidade oferecida, proporcionando um ótimo custo-benefício."
451,452,price,"O preço é bastante acessível considerando as funcionalidades oferecidas, proporcionando um bom custo-benefício."
452,453,price,"O preço é bastante acessível considerando as funcionalidades oferecidas, proporcionando um bom custo-benefício."
453,454,durability,"O material é de boa qualidade, mas o produto começou a desgastar após apenas alguns meses de uso, indicando que não é tão durável quanto esperava."
454,455,price,"O preço é bastante acessível para a qualidade oferecida, tornando-o uma escolha econômica com bom custo-benefício."
455,456,durability,"O material é de boa qualidade, mas a peça quebra com facilidade com uso moderado, indicando que a durabilidade não é tão satisfatória quanto esperado."
456,457,price,"O preço é muito acessível, tornando-o uma excelente opção para quem busca custo-benefício."
457,458,aesthetics,"O design deste produto é incrivelmente elegante, com uma combinação harmoniosa de cores que adiciona um toque de sofisticação a qualquer ambiente."
458,459,price,"O preço é muito acessível para a qualidade oferecida, proporcionando um excelente custo-benefício."
459,460,price,"O preço é bastante acessível, oferecendo um bom custo-benefício para quem busca qualidade sem gastar muito."
460,461,aesthetics,"O design é minimalista e elegante, com uma cor prata brilhante que adiciona um toque sofisticado ao ambiente."
461,462,price,"O preço é bastante acessível para a qualidade oferecida, tornando-o uma excelente opção para quem busca bom custo-benefício."
462,463,price,"O preço é bastante acessível considerando as funcionalidades oferecidas, o que torna a relação custo-benefício muito atraente."
463,464,post_sales,"O atendimento ao cliente é um desastre, trocar o produto está sendo uma batalha e o suporte tem sido ineficaz e irritante."
464,465,price,"O preço é bastante acessível para a qualidade oferecida, proporcionando um bom custo-benefício."
465,466,durability,"O material é de boa qualidade, mas a peça frágil quebrou após algumas semanas de uso intensivo."
466,467,durability,"O material é de boa qualidade, mas a peça frágil quebrou após algumas semanas de uso regular."
467,468,price,"O preço é bastante acessível para a qualidade oferecida, tornando-o uma escolha econômica para quem busca bons produtos sem gastar muito."
468,469,durability,"O material é de boa qualidade, mas parece um pouco frágil demais e já apresenta sinais de desgaste após pouco uso."
469,470,price,"O preço é bastante acessível considerando as funcionalidades oferecidas, proporcionando um excelente custo-benefício."
470,471,durability,"O material é de boa qualidade, mas a peça frágil quebrou após algumas semanas de uso intenso."
471,472,price,"O preço é bastante acessível, proporcionando um excelente custo-benefício para o que oferece."
472,473,price,"O preço é bastante acessível, oferecendo um excelente custo-benefício para os recursos que o produto proporciona."
473,474,price,"O preço é muito acessível para a qualidade oferecida, proporcionando um excelente custo-benefício."
474,475,durability,"O material é de boa qualidade, mas o produto quebrou após poucos meses de uso diário, o que me deixou bastante desapontado com sua durabilidade."
475,476,durability,"O material é de boa qualidade, mas estranhamente quebrou após apenas um mês de uso diário. Não esperava que durasse tanto tempo."
476,477,price,"O preço é bastante acessível, oferecendo um ótimo custo-benefício para quem busca este tipo de produto."
477,478,price,"O preço é bastante acessível considerando as funcionalidades oferecidas, proporcionando um bom custo-benefício."
478,479,price,"O preço é bastante justo considerando as funcionalidades oferecidas, oferecendo um bom custo-benefício."
479,480,price,"O preço é bastante acessível, oferecendo um excelente custo-benefício para a qualidade do produto."
480,481,price,"O preço é bastante justo considerando as funcionalidades oferecidas, proporcionando um bom custo-benefício."
481,482,price,"O preço é bastante acessível considerando as funcionalidades oferecidas, tornando-o uma escolha inteligente para quem busca custo-benefício."
482,483,durability,"O material é de boa qualidade, mas o produto quebrou após apenas alguns meses de uso diário, o que é decepcionante."
483,484,price,"O preço é bastante acessível, oferecendo um excelente custo-benefício para quem busca qualidade sem gastar muito."
484,485,durability,"O material é de boa qualidade, mas a peça frágil quebrou após poucos meses de uso intensivo."
485,486,price,"O preço é muito acessível para a qualidade oferecida, proporcionando um ótimo custo-benefício."
486,487,price,"O preço é muito acessível para a qualidade oferecida, proporcionando um ótimo custo-benefício."
487,488,durability,"O material do produto é de boa qualidade, mas infelizmente quebrou após algumas semanas de uso intensivo, o que indica que a durabilidade não é tão boa quanto esperava."
488,489,price,"O preço é bastante acessível considerando as funcionalidades oferecidas, proporcionando um bom custo-benefício."
489,490,price,"O preço é bastante acessível, oferecendo um excelente custo-benefício para quem busca qualidade sem gastar muito."
490,491,price,"O preço é muito acessível considerando as funcionalidades oferecidas, o que o torna uma ótima opção dentro da sua categoria."
491,492,price,"O preço é bastante acessível, oferecendo um bom custo-benefício para as funcionalidades que o produto proporciona."
492,493,price,"O preço é bastante acessível considerando as funcionalidades oferecidas, proporcionando um excelente custo-benefício."
493,494,aesthetics,"O design deste produto é incrivelmente elegante, com linhas suaves e cores que complementam-se perfeitamente, criando uma estética visualmente atraente."
494,495,price,"O preço é bastante acessível considerando as funcionalidades oferecidas, proporcionando um bom custo-benefício."
495,496,price,"O preço é bastante acessível para a qualidade oferecida, proporcionando um bom custo-benefício."
496,497,durability,"Esse produto é muito durável, o material é de alta qualidade e resistente, mesmo com uso intensivo não apresentou nenhum sinal de desgaste."
497,498,price,"O preço é bastante acessível para a qualidade oferecida, oferecendo um excelente custo-benefício."
498,499,price,"O preço é bastante acessível, oferecendo um excelente custo-benefício para as funcionalidades que o produto proporciona."
499,500,price,"O preço é bastante acessível para a qualidade oferecida, tornando-o uma ótima opção para quem busca custo-benefício."
